{
  "version": 3,
  "settings": {
    "appearanceTools": true,
    "color": { "palette": [
      {"name":"Background","slug":"bg","color":"#000000"},
      {"name":"Text","slug":"text","color":"#f3f5f7"},
      {"name":"Accent","slug":"accent","color":"#22d3ee"},
      {"name":"Accent 2","slug":"accent-2","color":"#7aa2ff"}
    ]},
    "typography": {
      "fontFamilies": [
        {"fontFamily":"system-ui, -apple-system, Segoe UI, Roboto, Helvetica, Arial, sans-serif","name":"System UI","slug":"system-ui"},
        {"fontFamily":"\"JetBrains Mono\", ui-monospace, SFMono-Regular, Menlo, Monaco, Consolas, \"Liberation Mono\", \"Courier New\", monospace","name":"Mono","slug":"mono"}
      ],
      "fluid": true
    },
    "layout": {"contentSize":"720px","wideSize":"1120px"},
    "spacing": {"spacingScale":{"steps":7}}
  },
  "styles": {
    "color":{"background":"var(--wp--preset--color--bg)","text":"var(--wp--preset--color--text)"},
    "typography":{"fontFamily":"var(--wp--preset--font-family--system-ui)"},
    "blocks":{"core/button":{"typography":{"fontWeight":"600"},"border":{"radius":"12px"}}}
  },
  "templateParts":[
    {"name":"header","title":"Header","area":"header"},
    {"name":"footer","title":"Footer","area":"footer"}
  ]
}


